"","R","m","logLik","K","AICc","dAICc"
"1","unconstrained",1,-59.1086673970982,9,138.31035805001,0
"2","diagonal and unequal",1,-65.779188404009,6,144.502197032737,6.19183898272664
"3","diagonal and equal",1,-76.3996327946799,4,161.23882602892,22.9284679789099
"4","equalvarcov",1,-75.4085240634374,5,161.483714793542,23.1733567435311
